time,angle_deg,bead_y,bead_z,dist_top,dist_bot,force_mag,force_constant
0.0009,0.01,-0.000003,0.000000,0.074600,0.074600,1.796894e-08,1.00e-10
0.0017,0.01,-0.000012,0.000000,0.074600,0.074600,1.796894e-08,1.00e-10
0.0026,0.02,-0.000027,0.000000,0.074600,0.074600,1.796894e-08,1.00e-10
0.0035,0.02,-0.000048,0.000000,0.074600,0.074600,1.796894e-08,1.00e-10
0.0044,0.03,-0.000075,0.000000,0.074600,0.074600,1.796895e-08,1.00e-10
0.0052,0.03,-0.000108,0.000000,0.074600,0.074600,1.796896e-08,1.00e-10
0.0061,0.04,-0.000147,0.000000,0.074600,0.074600,1.796898e-08,1.00e-10
0.0070,0.04,-0.000192,0.000000,0.074600,0.074600,1.796900e-08,1.00e-10
0.0079,0.05,-0.000243,0.000000,0.074600,0.074600,1.796903e-08,1.00e-10
0.0087,0.05,-0.000300,0.000000,0.074600,0.074600,1.796907e-08,1.00e-10
0.0096,0.06,-0.000363,0.000000,0.074600,0.074600,1.796911e-08,1.00e-10
0.0105,0.06,-0.000431,0.000000,0.074600,0.074600,1.796916e-08,1.00e-10
0.0113,0.07,-0.000506,0.000000,0.074599,0.074601,1.796923e-08,1.00e-10
0.0122,0.07,-0.000587,0.000000,0.074599,0.074601,1.796930e-08,1.00e-10
0.0131,0.08,-0.000674,0.000000,0.074599,0.074601,1.796938e-08,1.00e-10
0.0140,0.08,-0.000766,0.000000,0.074599,0.074601,1.796948e-08,1.00e-10
0.0148,0.09,-0.000865,0.000000,0.074599,0.074601,1.796958e-08,1.00e-10
0.0157,0.09,-0.000970,0.000000,0.074598,0.074602,1.796970e-08,1.00e-10
0.0166,0.10,-0.001081,0.000000,0.074598,0.074602,1.796984e-08,1.00e-10
0.0175,0.10,-0.001197,0.000000,0.074598,0.074602,1.796999e-08,1.00e-10
0.0183,0.11,-0.001320,0.000000,0.074597,0.074603,1.797016e-08,1.00e-10
0.0192,0.12,-0.001448,0.000000,0.074597,0.074603,1.797034e-08,1.00e-10
0.0201,0.12,-0.001573,0.000000,0.074597,0.074603,1.797053e-08,1.00e-10
0.0209,0.13,-0.001463,0.000000,0.074597,0.074603,1.797054e-08,1.00e-10
0.0218,0.13,-0.001363,0.000000,0.074597,0.074603,1.797054e-08,1.00e-10
0.0227,0.14,-0.001271,0.000000,0.074597,0.074603,1.797055e-08,1.00e-10
0.0236,0.14,-0.001189,0.000000,0.074597,0.074603,1.797056e-08,1.00e-10
0.0244,0.15,-0.001115,0.000001,0.074597,0.074603,1.797058e-08,1.00e-10
0.0253,0.15,-0.001051,0.000001,0.074597,0.074603,1.797060e-08,1.00e-10
0.0262,0.16,-0.000995,0.000001,0.074596,0.074604,1.797063e-08,1.00e-10
0.0271,0.16,-0.000949,0.000001,0.074596,0.074604,1.797066e-08,1.00e-10
0.0279,0.17,-0.000911,0.000001,0.074596,0.074604,1.797070e-08,1.00e-10
0.0288,0.17,-0.000882,0.000001,0.074596,0.074604,1.797075e-08,1.00e-10
0.0297,0.18,-0.000863,0.000001,0.074596,0.074604,1.797082e-08,1.00e-10
0.0305,0.18,-0.000852,0.000001,0.074596,0.074604,1.797089e-08,1.00e-10
0.0314,0.19,-0.000850,0.000001,0.074596,0.074604,1.797098e-08,1.00e-10
0.0323,0.19,-0.000855,0.000002,0.074596,0.074604,1.797108e-08,1.00e-10
0.0332,0.20,-0.000865,0.000002,0.074595,0.074605,1.797119e-08,1.00e-10
0.0340,0.20,-0.000882,0.000002,0.074595,0.074605,1.797131e-08,1.00e-10
0.0349,0.21,-0.000905,0.000002,0.074595,0.074605,1.797144e-08,1.00e-10
0.0358,0.21,-0.000934,0.000002,0.074594,0.074606,1.797159e-08,1.00e-10
0.0367,0.22,-0.000968,0.000002,0.074594,0.074606,1.797174e-08,1.00e-10
0.0375,0.23,-0.001009,0.000002,0.074594,0.074606,1.797192e-08,1.00e-10
0.0384,0.23,-0.001056,0.000002,0.074593,0.074607,1.797211e-08,1.00e-10
0.0393,0.24,-0.001108,0.000002,0.074593,0.074607,1.797231e-08,1.00e-10
0.0401,0.24,-0.001167,0.000003,0.074593,0.074607,1.797253e-08,1.00e-10
0.0410,0.25,-0.001231,0.000003,0.074592,0.074608,1.797277e-08,1.00e-10
0.0419,0.25,-0.001302,0.000003,0.074592,0.074608,1.797303e-08,1.00e-10
0.0428,0.26,-0.001379,0.000003,0.074591,0.074609,1.797330e-08,1.00e-10
0.0436,0.26,-0.001461,0.000003,0.074590,0.074610,1.797360e-08,1.00e-10
0.0445,0.27,-0.001550,0.000003,0.074590,0.074610,1.797391e-08,1.00e-10
0.0454,0.27,-0.001524,0.000004,0.074589,0.074611,1.797419e-08,1.00e-10
0.0463,0.28,-0.001459,0.000004,0.074589,0.074611,1.797446e-08,1.00e-10
0.0471,0.28,-0.001403,0.000005,0.074588,0.074612,1.797474e-08,1.00e-10
0.0480,0.29,-0.001355,0.000006,0.074587,0.074613,1.797505e-08,1.00e-10
0.0489,0.29,-0.001317,0.000007,0.074587,0.074613,1.797536e-08,1.00e-10
0.0497,0.30,-0.001288,0.000007,0.074586,0.074614,1.797570e-08,1.00e-10
0.0506,0.30,-0.001267,0.000008,0.074585,0.074615,1.797606e-08,1.00e-10
0.0515,0.31,-0.001256,0.000009,0.074584,0.074616,1.797644e-08,1.00e-10
0.0524,0.31,-0.001253,0.000010,0.074584,0.074616,1.797684e-08,1.00e-10
0.0532,0.32,-0.001257,0.000010,0.074583,0.074617,1.797727e-08,1.00e-10
0.0541,0.32,-0.001268,0.000011,0.074582,0.074618,1.797770e-08,1.00e-10
0.0550,0.33,-0.001284,0.000012,0.074581,0.074619,1.797816e-08,1.00e-10
0.0559,0.34,-0.001306,0.000012,0.074580,0.074620,1.797863e-08,1.00e-10
0.0567,0.34,-0.001334,0.000013,0.074579,0.074621,1.797912e-08,1.00e-10
0.0576,0.35,-0.001369,0.000014,0.074578,0.074622,1.797964e-08,1.00e-10
0.0585,0.35,-0.001409,0.000015,0.074577,0.074623,1.798017e-08,1.00e-10
0.0593,0.36,-0.001455,0.000015,0.074576,0.074624,1.798072e-08,1.00e-10
0.0602,0.36,-0.001507,0.000016,0.074574,0.074626,1.798130e-08,1.00e-10
0.0611,0.37,-0.001565,0.000017,0.074573,0.074627,1.798190e-08,1.00e-10
0.0620,0.37,-0.001536,0.000018,0.074572,0.074628,1.798233e-08,1.00e-10
0.0628,0.38,-0.001497,0.000019,0.074571,0.074629,1.798274e-08,1.00e-10
0.0637,0.38,-0.001467,0.000020,0.074570,0.074630,1.798317e-08,1.00e-10
0.0646,0.39,-0.001446,0.000021,0.074570,0.074630,1.798363e-08,1.00e-10
0.0655,0.39,-0.001434,0.000022,0.074568,0.074632,1.798412e-08,1.00e-10
0.0663,0.40,-0.001430,0.000023,0.074567,0.074633,1.798464e-08,1.00e-10
0.0672,0.40,-0.001434,0.000024,0.074566,0.074634,1.798519e-08,1.00e-10
0.0681,0.41,-0.001444,0.000025,0.074565,0.074635,1.798575e-08,1.00e-10
0.0689,0.41,-0.001460,0.000026,0.074564,0.074636,1.798634e-08,1.00e-10
0.0698,0.42,-0.001482,0.000027,0.074563,0.074637,1.798694e-08,1.00e-10
0.0707,0.42,-0.001509,0.000027,0.074561,0.074639,1.798757e-08,1.00e-10
0.0716,0.43,-0.001543,0.000028,0.074560,0.074640,1.798823e-08,1.00e-10
0.0724,0.43,-0.001569,0.000030,0.074559,0.074641,1.798890e-08,1.00e-10
0.0733,0.44,-0.001541,0.000031,0.074557,0.074643,1.798959e-08,1.00e-10
0.0742,0.45,-0.001522,0.000032,0.074556,0.074644,1.799030e-08,1.00e-10
0.0751,0.45,-0.001512,0.000034,0.074554,0.074646,1.799105e-08,1.00e-10
0.0759,0.46,-0.001511,0.000035,0.074553,0.074647,1.799182e-08,1.00e-10
0.0768,0.46,-0.001516,0.000037,0.074551,0.074649,1.799263e-08,1.00e-10
0.0777,0.47,-0.001527,0.000038,0.074549,0.074651,1.799346e-08,1.00e-10
0.0785,0.47,-0.001544,0.000040,0.074547,0.074653,1.799431e-08,1.00e-10
0.0794,0.48,-0.001568,0.000041,0.074546,0.074654,1.799519e-08,1.00e-10
0.0803,0.48,-0.001560,0.000043,0.074544,0.074656,1.799595e-08,1.00e-10
0.0812,0.49,-0.001548,0.000044,0.074542,0.074658,1.799669e-08,1.00e-10
0.0820,0.49,-0.001546,0.000046,0.074541,0.074659,1.799748e-08,1.00e-10
0.0829,0.50,-0.001550,0.000047,0.074539,0.074661,1.799829e-08,1.00e-10
0.0838,0.50,-0.001560,0.000049,0.074537,0.074663,1.799913e-08,1.00e-10
0.0847,0.51,-0.001573,0.000050,0.074536,0.074664,1.799999e-08,1.00e-10
0.0855,0.51,-0.001563,0.000052,0.074534,0.074666,1.800091e-08,1.00e-10
0.0864,0.52,-0.001562,0.000054,0.074532,0.074668,1.800187e-08,1.00e-10
0.0873,0.52,-0.001567,0.000056,0.074530,0.074670,1.800285e-08,1.00e-10
0.0881,0.53,-0.001571,0.000058,0.074528,0.074672,1.800381e-08,1.00e-10
0.0890,0.53,-0.001568,0.000060,0.074526,0.074674,1.800470e-08,1.00e-10
0.0899,0.54,-0.001572,0.000061,0.074524,0.074676,1.800562e-08,1.00e-10
0.0908,0.54,-0.001571,0.000063,0.074522,0.074678,1.800661e-08,1.00e-10
0.0916,0.55,-0.001574,0.000065,0.074520,0.074680,1.800764e-08,1.00e-10
0.0925,0.56,-0.001573,0.000067,0.074518,0.074682,1.800858e-08,1.00e-10
0.0934,0.56,-0.001574,0.000069,0.074516,0.074684,1.800959e-08,1.00e-10
0.0943,0.57,-0.001574,0.000071,0.074514,0.074686,1.801054e-08,1.00e-10
0.0951,0.57,-0.001574,0.000072,0.074512,0.074688,1.801147e-08,1.00e-10
0.0960,0.58,-0.001574,0.000074,0.074510,0.074690,1.801241e-08,1.00e-10
0.0969,0.58,-0.001574,0.000076,0.074508,0.074692,1.801338e-08,1.00e-10
0.0977,0.59,-0.001574,0.000078,0.074506,0.074694,1.801436e-08,1.00e-10
0.0986,0.59,-0.001574,0.000080,0.074504,0.074696,1.801537e-08,1.00e-10
0.0995,0.60,-0.001574,0.000082,0.074502,0.074698,1.801639e-08,1.00e-10
0.1004,0.60,-0.001574,0.000084,0.074500,0.074700,1.801744e-08,1.00e-10
0.1012,0.61,-0.001574,0.000086,0.074497,0.074703,1.801851e-08,1.00e-10
0.1021,0.61,-0.001574,0.000088,0.074495,0.074705,1.801960e-08,1.00e-10
0.1030,0.62,-0.001574,0.000090,0.074493,0.074707,1.802071e-08,1.00e-10
0.1039,0.62,-0.001574,0.000092,0.074490,0.074710,1.802184e-08,1.00e-10
0.1047,0.63,-0.001574,0.000095,0.074488,0.074712,1.802300e-08,1.00e-10
0.1056,0.63,-0.001574,0.000097,0.074486,0.074714,1.802418e-08,1.00e-10
0.1065,0.64,-0.001574,0.000099,0.074483,0.074717,1.802538e-08,1.00e-10
0.1073,0.64,-0.001574,0.000102,0.074481,0.074719,1.802660e-08,1.00e-10
0.1082,0.65,-0.001574,0.000104,0.074478,0.074722,1.802785e-08,1.00e-10
0.1091,0.65,-0.001574,0.000107,0.074475,0.074725,1.802912e-08,1.00e-10
0.1100,0.66,-0.001574,0.000109,0.074473,0.074727,1.803041e-08,1.00e-10
0.1108,0.66,-0.001574,0.000112,0.074470,0.074730,1.803172e-08,1.00e-10
0.1117,0.67,-0.001575,0.000114,0.074467,0.074733,1.803306e-08,1.00e-10
0.1126,0.68,-0.001575,0.000117,0.074464,0.074736,1.803443e-08,1.00e-10
0.1135,0.68,-0.001575,0.000120,0.074462,0.074738,1.803582e-08,1.00e-10
0.1143,0.69,-0.001575,0.000123,0.074459,0.074741,1.803723e-08,1.00e-10
0.1152,0.69,-0.001575,0.000125,0.074456,0.074744,1.803866e-08,1.00e-10
0.1161,0.70,-0.001575,0.000128,0.074453,0.074747,1.804012e-08,1.00e-10
0.1169,0.70,-0.001575,0.000131,0.074450,0.074750,1.804161e-08,1.00e-10
0.1178,0.71,-0.001575,0.000134,0.074446,0.074754,1.804312e-08,1.00e-10
0.1187,0.71,-0.001575,0.000137,0.074443,0.074757,1.804466e-08,1.00e-10
0.1196,0.72,-0.001575,0.000140,0.074440,0.074760,1.804622e-08,1.00e-10
0.1204,0.72,-0.001575,0.000143,0.074437,0.074763,1.804781e-08,1.00e-10
0.1213,0.73,-0.001575,0.000147,0.074433,0.074767,1.804942e-08,1.00e-10
0.1222,0.73,-0.001575,0.000150,0.074430,0.074770,1.805106e-08,1.00e-10
0.1231,0.74,-0.001575,0.000153,0.074427,0.074773,1.805272e-08,1.00e-10
0.1239,0.74,-0.001575,0.000156,0.074423,0.074777,1.805441e-08,1.00e-10
0.1248,0.75,-0.001575,0.000160,0.074420,0.074780,1.805613e-08,1.00e-10
0.1257,0.75,-0.001575,0.000163,0.074416,0.074784,1.805788e-08,1.00e-10
0.1265,0.76,-0.001575,0.000167,0.074412,0.074788,1.805965e-08,1.00e-10
0.1274,0.76,-0.001575,0.000170,0.074409,0.074791,1.806145e-08,1.00e-10
0.1283,0.77,-0.001576,0.000174,0.074405,0.074795,1.806328e-08,1.00e-10
0.1292,0.77,-0.001576,0.000178,0.074401,0.074799,1.806513e-08,1.00e-10
0.1300,0.78,-0.001576,0.000181,0.074397,0.074803,1.806701e-08,1.00e-10
0.1309,0.79,-0.001576,0.000185,0.074393,0.074807,1.806892e-08,1.00e-10
0.1318,0.79,-0.001576,0.000189,0.074389,0.074811,1.807086e-08,1.00e-10
0.1326,0.80,-0.001576,0.000193,0.074385,0.074815,1.807283e-08,1.00e-10
0.1335,0.80,-0.001576,0.000197,0.074381,0.074819,1.807482e-08,1.00e-10
0.1344,0.81,-0.001576,0.000201,0.074377,0.074823,1.807684e-08,1.00e-10
0.1353,0.81,-0.001576,0.000205,0.074373,0.074827,1.807890e-08,1.00e-10
0.1361,0.82,-0.001576,0.000209,0.074369,0.074831,1.808098e-08,1.00e-10
0.1370,0.82,-0.001576,0.000213,0.074364,0.074836,1.808309e-08,1.00e-10
0.1379,0.83,-0.001576,0.000218,0.074360,0.074840,1.808523e-08,1.00e-10
0.1388,0.83,-0.001576,0.000222,0.074355,0.074845,1.808740e-08,1.00e-10
0.1396,0.84,-0.001577,0.000226,0.074351,0.074849,1.808960e-08,1.00e-10
0.1405,0.84,-0.001577,0.000231,0.074346,0.074854,1.809183e-08,1.00e-10
0.1414,0.85,-0.001577,0.000235,0.074342,0.074858,1.809409e-08,1.00e-10
0.1422,0.85,-0.001577,0.000240,0.074337,0.074863,1.809639e-08,1.00e-10
0.1431,0.86,-0.001577,0.000244,0.074332,0.074868,1.809871e-08,1.00e-10
0.1440,0.86,-0.001577,0.000249,0.074327,0.074873,1.810106e-08,1.00e-10
0.1449,0.87,-0.001577,0.000254,0.074322,0.074878,1.810345e-08,1.00e-10
0.1457,0.87,-0.001577,0.000259,0.074317,0.074883,1.810586e-08,1.00e-10
0.1466,0.88,-0.001577,0.000263,0.074312,0.074888,1.810831e-08,1.00e-10
0.1475,0.88,-0.001577,0.000268,0.074307,0.074893,1.811079e-08,1.00e-10
0.1484,0.89,-0.001578,0.000273,0.074302,0.074898,1.811330e-08,1.00e-10
0.1492,0.90,-0.001578,0.000278,0.074297,0.074903,1.811585e-08,1.00e-10
0.1501,0.90,-0.001578,0.000284,0.074292,0.074908,1.811842e-08,1.00e-10
0.1510,0.91,-0.001578,0.000289,0.074286,0.074914,1.812103e-08,1.00e-10
0.1518,0.91,-0.001578,0.000294,0.074281,0.074919,1.812367e-08,1.00e-10
0.1527,0.92,-0.001578,0.000299,0.074275,0.074925,1.812635e-08,1.00e-10
0.1536,0.92,-0.001578,0.000305,0.074270,0.074930,1.812906e-08,1.00e-10
0.1545,0.93,-0.001578,0.000310,0.074264,0.074936,1.813180e-08,1.00e-10
0.1553,0.93,-0.001578,0.000316,0.074259,0.074941,1.813458e-08,1.00e-10
0.1562,0.94,-0.001579,0.000321,0.074253,0.074947,1.813738e-08,1.00e-10
0.1571,0.94,-0.001579,0.000327,0.074247,0.074953,1.814023e-08,1.00e-10
0.1580,0.95,-0.001579,0.000333,0.074241,0.074959,1.814311e-08,1.00e-10
0.1588,0.95,-0.001579,0.000339,0.074235,0.074965,1.814602e-08,1.00e-10
0.1597,0.96,-0.001579,0.000345,0.074229,0.074971,1.814897e-08,1.00e-10
0.1606,0.96,-0.001579,0.000351,0.074223,0.074977,1.815195e-08,1.00e-10
0.1614,0.97,-0.001579,0.000357,0.074217,0.074983,1.815496e-08,1.00e-10
0.1623,0.97,-0.001579,0.000363,0.074211,0.074989,1.815802e-08,1.00e-10
0.1632,0.98,-0.001580,0.000369,0.074204,0.074996,1.816111e-08,1.00e-10
0.1641,0.98,-0.001580,0.000375,0.074198,0.075002,1.816423e-08,1.00e-10
0.1649,0.99,-0.001580,0.000381,0.074191,0.075009,1.816739e-08,1.00e-10
0.1658,0.99,-0.001580,0.000388,0.074185,0.075015,1.817059e-08,1.00e-10
0.1667,1.00,-0.001580,0.000394,0.074178,0.075022,1.817382e-08,1.00e-10
0.1676,1.01,-0.001580,0.000401,0.074172,0.075028,1.817709e-08,1.00e-10
0.1684,1.01,-0.001581,0.000407,0.074165,0.075035,1.818039e-08,1.00e-10
0.1693,1.02,-0.001581,0.000414,0.074158,0.075042,1.818374e-08,1.00e-10
0.1702,1.02,-0.001581,0.000421,0.074151,0.075049,1.818712e-08,1.00e-10
0.1710,1.03,-0.001581,0.000428,0.074144,0.075056,1.819054e-08,1.00e-10
0.1719,1.03,-0.001581,0.000434,0.074137,0.075063,1.819399e-08,1.00e-10
0.1728,1.04,-0.001581,0.000441,0.074130,0.075070,1.819749e-08,1.00e-10
0.1737,1.04,-0.001581,0.000448,0.074123,0.075077,1.820102e-08,1.00e-10
0.1745,1.05,-0.001582,0.000456,0.074116,0.075084,1.820459e-08,1.00e-10
0.1754,1.05,-0.001582,0.000463,0.074108,0.075092,1.820820e-08,1.00e-10
0.1763,1.06,-0.001582,0.000470,0.074101,0.075099,1.821185e-08,1.00e-10
0.1772,1.06,-0.001582,0.000477,0.074093,0.075107,1.821553e-08,1.00e-10
0.1780,1.07,-0.001582,0.000485,0.074086,0.075114,1.821926e-08,1.00e-10
0.1789,1.07,-0.001583,0.000492,0.074078,0.075122,1.822303e-08,1.00e-10
0.1798,1.08,-0.001583,0.000500,0.074070,0.075130,1.822683e-08,1.00e-10
0.1806,1.08,-0.001583,0.000508,0.074063,0.075137,1.823068e-08,1.00e-10
0.1815,1.09,-0.001583,0.000515,0.074055,0.075145,1.823457e-08,1.00e-10
0.1824,1.09,-0.001583,0.000523,0.074047,0.075153,1.823849e-08,1.00e-10
0.1833,1.10,-0.001584,0.000531,0.074039,0.075161,1.824246e-08,1.00e-10
0.1841,1.10,-0.001584,0.000539,0.074030,0.075170,1.824647e-08,1.00e-10
0.1850,1.11,-0.001584,0.000547,0.074022,0.075178,1.825052e-08,1.00e-10
0.1859,1.12,-0.001584,0.000555,0.074014,0.075186,1.825461e-08,1.00e-10
0.1868,1.12,-0.001584,0.000564,0.074006,0.075194,1.825874e-08,1.00e-10
0.1876,1.13,-0.001585,0.000572,0.073997,0.075203,1.826291e-08,1.00e-10
0.1885,1.13,-0.001585,0.000580,0.073989,0.075211,1.826713e-08,1.00e-10
0.1894,1.14,-0.001585,0.000589,0.073980,0.075220,1.827139e-08,1.00e-10
0.1902,1.14,-0.001585,0.000597,0.073971,0.075229,1.827569e-08,1.00e-10
0.1911,1.15,-0.001586,0.000606,0.073962,0.075238,1.828003e-08,1.00e-10
0.1920,1.15,-0.001586,0.000615,0.073954,0.075246,1.828442e-08,1.00e-10
0.1929,1.16,-0.001586,0.000623,0.073945,0.075255,1.828885e-08,1.00e-10
0.1937,1.16,-0.001586,0.000632,0.073936,0.075264,1.829332e-08,1.00e-10
0.1946,1.17,-0.001586,0.000641,0.073926,0.075274,1.829784e-08,1.00e-10
0.1955,1.17,-0.001587,0.000650,0.073917,0.075283,1.830240e-08,1.00e-10
0.1964,1.18,-0.001587,0.000660,0.073908,0.075292,1.830700e-08,1.00e-10
0.1972,1.18,-0.001587,0.000669,0.073899,0.075301,1.831165e-08,1.00e-10
0.1981,1.19,-0.001587,0.000678,0.073889,0.075311,1.831635e-08,1.00e-10
0.1990,1.19,-0.001588,0.000687,0.073880,0.075320,1.832109e-08,1.00e-10
0.1998,1.20,-0.001588,0.000697,0.073870,0.075330,1.832587e-08,1.00e-10
0.2007,1.20,-0.001588,0.000707,0.073860,0.075340,1.833070e-08,1.00e-10
0.2016,1.21,-0.001589,0.000716,0.073850,0.075350,1.833558e-08,1.00e-10
0.2025,1.21,-0.001589,0.000726,0.073840,0.075360,1.834050e-08,1.00e-10
0.2033,1.22,-0.001589,0.000736,0.073830,0.075370,1.834546e-08,1.00e-10
0.2042,1.23,-0.001589,0.000746,0.073820,0.075380,1.835048e-08,1.00e-10
0.2051,1.23,-0.001590,0.000756,0.073810,0.075390,1.835554e-08,1.00e-10
0.2060,1.24,-0.001590,0.000766,0.073800,0.075400,1.836064e-08,1.00e-10
0.2068,1.24,-0.001590,0.000776,0.073790,0.075410,1.836580e-08,1.00e-10
0.2077,1.25,-0.001591,0.000786,0.073779,0.075421,1.837100e-08,1.00e-10
0.2086,1.25,-0.001591,0.000797,0.073769,0.075431,1.837625e-08,1.00e-10
0.2094,1.26,-0.001591,0.000807,0.073758,0.075442,1.838154e-08,1.00e-10
0.2103,1.26,-0.001591,0.000818,0.073747,0.075453,1.838689e-08,1.00e-10
0.2112,1.27,-0.001592,0.000829,0.073736,0.075464,1.839228e-08,1.00e-10
0.2121,1.27,-0.001592,0.000839,0.073726,0.075474,1.839772e-08,1.00e-10
0.2129,1.28,-0.001592,0.000850,0.073715,0.075485,1.840321e-08,1.00e-10
0.2138,1.28,-0.001593,0.000861,0.073703,0.075497,1.840875e-08,1.00e-10
0.2147,1.29,-0.001593,0.000872,0.073692,0.075508,1.841434e-08,1.00e-10
0.2156,1.29,-0.001593,0.000883,0.073681,0.075519,1.841998e-08,1.00e-10
0.2164,1.30,-0.001594,0.000894,0.073670,0.075530,1.842567e-08,1.00e-10
0.2173,1.30,-0.001594,0.000906,0.073658,0.075542,1.843141e-08,1.00e-10
0.2182,1.31,-0.001594,0.000917,0.073647,0.075553,1.843720e-08,1.00e-10
0.2190,1.31,-0.001595,0.000929,0.073635,0.075565,1.844303e-08,1.00e-10
0.2199,1.32,-0.001595,0.000940,0.073623,0.075577,1.844892e-08,1.00e-10
0.2208,1.32,-0.001596,0.000952,0.073611,0.075589,1.845487e-08,1.00e-10
0.2217,1.33,-0.001596,0.000964,0.073599,0.075601,1.846086e-08,1.00e-10
0.2225,1.34,-0.001596,0.000976,0.073587,0.075613,1.846690e-08,1.00e-10
0.2234,1.34,-0.001597,0.000988,0.073575,0.075625,1.847300e-08,1.00e-10
0.2243,1.35,-0.001597,0.001000,0.073563,0.075637,1.847915e-08,1.00e-10
0.2252,1.35,-0.001597,0.001012,0.073551,0.075649,1.848535e-08,1.00e-10
0.2260,1.36,-0.001598,0.001024,0.073538,0.075662,1.849160e-08,1.00e-10
0.2269,1.36,-0.001598,0.001037,0.073526,0.075674,1.849791e-08,1.00e-10
0.2278,1.37,-0.001599,0.001049,0.073513,0.075687,1.850427e-08,1.00e-10
0.2286,1.37,-0.001599,0.001062,0.073500,0.075700,1.851069e-08,1.00e-10
0.2295,1.38,-0.001599,0.001074,0.073487,0.075713,1.851715e-08,1.00e-10
0.2304,1.38,-0.001600,0.001087,0.073474,0.075726,1.852368e-08,1.00e-10
0.2313,1.39,-0.001600,0.001100,0.073461,0.075739,1.853025e-08,1.00e-10
0.2321,1.39,-0.001601,0.001113,0.073448,0.075752,1.853688e-08,1.00e-10
0.2330,1.40,-0.001601,0.001126,0.073435,0.075765,1.854357e-08,1.00e-10
0.2339,1.40,-0.001601,0.001139,0.073422,0.075778,1.855031e-08,1.00e-10
0.2348,1.41,-0.001602,0.001153,0.073408,0.075792,1.855711e-08,1.00e-10
0.2356,1.41,-0.001602,0.001166,0.073395,0.075805,1.856396e-08,1.00e-10
0.2365,1.42,-0.001603,0.001180,0.073381,0.075819,1.857087e-08,1.00e-10
0.2374,1.42,-0.001603,0.001193,0.073367,0.075833,1.857784e-08,1.00e-10
0.2382,1.43,-0.001604,0.001207,0.073353,0.075847,1.858486e-08,1.00e-10
0.2391,1.43,-0.001604,0.001221,0.073339,0.075861,1.859194e-08,1.00e-10
0.2400,1.44,-0.001605,0.001235,0.073325,0.075875,1.859907e-08,1.00e-10
0.2409,1.45,-0.001605,0.001249,0.073311,0.075889,1.860627e-08,1.00e-10
0.2417,1.45,-0.001606,0.001263,0.073297,0.075903,1.861352e-08,1.00e-10
0.2426,1.46,-0.001606,0.001277,0.073283,0.075917,1.862083e-08,1.00e-10
0.2435,1.46,-0.001607,0.001291,0.073268,0.075932,1.862819e-08,1.00e-10
0.2444,1.47,-0.001607,0.001306,0.073253,0.075947,1.863562e-08,1.00e-10
0.2452,1.47,-0.001608,0.001320,0.073239,0.075961,1.864311e-08,1.00e-10
0.2461,1.48,-0.001608,0.001335,0.073224,0.075976,1.865065e-08,1.00e-10
0.2470,1.48,-0.001609,0.001350,0.073209,0.075991,1.865826e-08,1.00e-10
0.2478,1.49,-0.001609,0.001365,0.073194,0.076006,1.866592e-08,1.00e-10
0.2487,1.49,-0.001610,0.001380,0.073179,0.076021,1.867364e-08,1.00e-10
0.2496,1.50,-0.001610,0.001395,0.073164,0.076036,1.868143e-08,1.00e-10
0.2505,1.50,-0.001611,0.001410,0.073148,0.076052,1.868927e-08,1.00e-10
0.2513,1.51,-0.001611,0.001425,0.073133,0.076067,1.869718e-08,1.00e-10
0.2522,1.51,-0.001612,0.001441,0.073117,0.076083,1.870515e-08,1.00e-10
0.2531,1.52,-0.001612,0.001456,0.073101,0.076099,1.871318e-08,1.00e-10
0.2540,1.52,-0.001613,0.001472,0.073086,0.076114,1.872127e-08,1.00e-10
0.2548,1.53,-0.001613,0.001488,0.073070,0.076130,1.872943e-08,1.00e-10
0.2557,1.53,-0.001614,0.001504,0.073054,0.076146,1.873764e-08,1.00e-10
0.2566,1.54,-0.001614,0.001520,0.073038,0.076162,1.874592e-08,1.00e-10
0.2574,1.54,-0.001615,0.001536,0.073021,0.076179,1.875427e-08,1.00e-10
0.2583,1.55,-0.001616,0.001552,0.073005,0.076195,1.876267e-08,1.00e-10
0.2592,1.56,-0.001616,0.001568,0.072989,0.076211,1.877114e-08,1.00e-10
0.2601,1.56,-0.001617,0.001585,0.072972,0.076228,1.877968e-08,1.00e-10
0.2609,1.57,-0.001617,0.001601,0.072955,0.076245,1.878828e-08,1.00e-10
0.2618,1.57,-0.001618,0.001618,0.072938,0.076262,1.879694e-08,1.00e-10
0.2627,1.58,-0.001619,0.001635,0.072921,0.076279,1.880567e-08,1.00e-10
0.2636,1.58,-0.001619,0.001651,0.072904,0.076296,1.881447e-08,1.00e-10
0.2644,1.59,-0.001620,0.001669,0.072887,0.076313,1.882333e-08,1.00e-10
0.2653,1.59,-0.001621,0.001686,0.072870,0.076330,1.883226e-08,1.00e-10
0.2662,1.60,-0.001621,0.001703,0.072853,0.076347,1.884125e-08,1.00e-10
0.2670,1.60,-0.001622,0.001720,0.072835,0.076365,1.885031e-08,1.00e-10
0.2679,1.61,-0.001622,0.001738,0.072817,0.076383,1.885944e-08,1.00e-10
0.2688,1.61,-0.001623,0.001755,0.072800,0.076400,1.886863e-08,1.00e-10
0.2697,1.62,-0.001624,0.001773,0.072782,0.076418,1.887790e-08,1.00e-10
0.2705,1.62,-0.001624,0.001791,0.072764,0.076436,1.888723e-08,1.00e-10
0.2714,1.63,-0.001625,0.001809,0.072746,0.076454,1.889663e-08,1.00e-10
0.2723,1.63,-0.001626,0.001827,0.072728,0.076472,1.890610e-08,1.00e-10
0.2732,1.64,-0.001627,0.001845,0.072709,0.076491,1.891563e-08,1.00e-10
0.2740,1.64,-0.001627,0.001863,0.072691,0.076509,1.892524e-08,1.00e-10
0.2749,1.65,-0.001628,0.001882,0.072672,0.076528,1.893492e-08,1.00e-10
0.2758,1.65,-0.001629,0.001900,0.072653,0.076547,1.894467e-08,1.00e-10
0.2766,1.66,-0.001629,0.001919,0.072635,0.076565,1.895449e-08,1.00e-10
0.2775,1.67,-0.001630,0.001938,0.072616,0.076584,1.896438e-08,1.00e-10
0.2784,1.67,-0.001631,0.001957,0.072597,0.076603,1.897434e-08,1.00e-10
0.2793,1.68,-0.001632,0.001976,0.072577,0.076623,1.898437e-08,1.00e-10
0.2801,1.68,-0.001632,0.001995,0.072558,0.076642,1.899447e-08,1.00e-10
0.2810,1.69,-0.001633,0.002014,0.072539,0.076661,1.900465e-08,1.00e-10
0.2819,1.69,-0.001634,0.002033,0.072519,0.076681,1.901490e-08,1.00e-10
0.2828,1.70,-0.001635,0.002053,0.072500,0.076700,1.902522e-08,1.00e-10
0.2836,1.70,-0.001635,0.002073,0.072480,0.076720,1.903562e-08,1.00e-10
0.2845,1.71,-0.001636,0.002092,0.072460,0.076740,1.904609e-08,1.00e-10
0.2854,1.71,-0.001637,0.002112,0.072440,0.076760,1.905664e-08,1.00e-10
0.2862,1.72,-0.001638,0.002132,0.072420,0.076780,1.906726e-08,1.00e-10
0.2871,1.72,-0.001639,0.002152,0.072399,0.076801,1.907795e-08,1.00e-10
0.2880,1.73,-0.001639,0.002173,0.072379,0.076821,1.908872e-08,1.00e-10
0.2889,1.73,-0.001640,0.002193,0.072358,0.076842,1.909957e-08,1.00e-10
0.2897,1.74,-0.001641,0.002214,0.072338,0.076862,1.911049e-08,1.00e-10
0.2906,1.74,-0.001642,0.002234,0.072317,0.076883,1.912149e-08,1.00e-10
0.2915,1.75,-0.001643,0.002255,0.072296,0.076904,1.913256e-08,1.00e-10
0.2924,1.75,-0.001644,0.002276,0.072275,0.076925,1.914372e-08,1.00e-10
0.2932,1.76,-0.001644,0.002297,0.072254,0.076946,1.915495e-08,1.00e-10
0.2941,1.76,-0.001645,0.002318,0.072232,0.076968,1.916626e-08,1.00e-10
0.2950,1.77,-0.001646,0.002339,0.072211,0.076989,1.917764e-08,1.00e-10
0.2958,1.78,-0.001647,0.002361,0.072189,0.077011,1.918911e-08,1.00e-10
0.2967,1.78,-0.001648,0.002382,0.072168,0.077032,1.920065e-08,1.00e-10
0.2976,1.79,-0.001649,0.002404,0.072146,0.077054,1.921228e-08,1.00e-10
0.2985,1.79,-0.001650,0.002426,0.072124,0.077076,1.922398e-08,1.00e-10
0.2993,1.80,-0.001651,0.002448,0.072102,0.077098,1.923577e-08,1.00e-10
0.3002,1.80,-0.001652,0.002470,0.072079,0.077121,1.924764e-08,1.00e-10
0.3011,1.81,-0.001652,0.002492,0.072057,0.077143,1.925959e-08,1.00e-10
0.3020,1.81,-0.001653,0.002514,0.072035,0.077165,1.927162e-08,1.00e-10
0.3028,1.82,-0.001654,0.002537,0.072012,0.077188,1.928373e-08,1.00e-10
0.3037,1.82,-0.001655,0.002559,0.071989,0.077211,1.929592e-08,1.00e-10
0.3046,1.83,-0.001656,0.002582,0.071966,0.077234,1.930820e-08,1.00e-10
0.3054,1.83,-0.001657,0.002605,0.071943,0.077257,1.932056e-08,1.00e-10
0.3063,1.84,-0.001658,0.002628,0.071920,0.077280,1.933301e-08,1.00e-10
0.3072,1.84,-0.001659,0.002651,0.071897,0.077303,1.934554e-08,1.00e-10
0.3081,1.85,-0.001660,0.002674,0.071873,0.077327,1.935815e-08,1.00e-10
0.3089,1.85,-0.001661,0.002698,0.071850,0.077350,1.937085e-08,1.00e-10
0.3098,1.86,-0.001662,0.002721,0.071826,0.077374,1.938363e-08,1.00e-10
0.3107,1.86,-0.001663,0.002745,0.071802,0.077398,1.939651e-08,1.00e-10
0.3116,1.87,-0.001664,0.002769,0.071778,0.077422,1.940946e-08,1.00e-10
0.3124,1.87,-0.001665,0.002793,0.071754,0.077446,1.942251e-08,1.00e-10
0.3133,1.88,-0.001666,0.002817,0.071730,0.077470,1.943564e-08,1.00e-10
0.3142,1.89,-0.001667,0.002841,0.071706,0.077494,1.944886e-08,1.00e-10
0.3150,1.89,-0.001669,0.002865,0.071681,0.077519,1.946217e-08,1.00e-10
0.3159,1.90,-0.001670,0.002890,0.071656,0.077544,1.947556e-08,1.00e-10
0.3168,1.90,-0.001671,0.002915,0.071632,0.077568,1.948905e-08,1.00e-10
0.3177,1.91,-0.001672,0.002939,0.071607,0.077593,1.950263e-08,1.00e-10
0.3185,1.91,-0.001673,0.002964,0.071582,0.077618,1.951629e-08,1.00e-10
0.3194,1.92,-0.001674,0.002989,0.071556,0.077644,1.953005e-08,1.00e-10
0.3203,1.92,-0.001675,0.003015,0.071531,0.077669,1.954390e-08,1.00e-10
0.3212,1.93,-0.001676,0.003040,0.071506,0.077694,1.955784e-08,1.00e-10
